{"epoch": 15, "train_loss": 85.64411400044847, "val_loss": 99.43290205168879, "_timestamp": 1729042014.4901707, "_runtime": 242.5022006034851, "_step": 14, "_wandb": {"runtime": 243}}