{"epoch": 4633, "train_loss": 9.996441076509655e-05, "_timestamp": 1729026515.3813446, "_runtime": 28.257778644561768, "_step": 4632, "_wandb": {"runtime": 27}}