{"epoch": 20, "train_loss": 97.46508903579623, "val_loss": 99.42693273870525, "_timestamp": 1729042375.9289043, "_runtime": 317.95300030708313, "_step": 19, "_wandb": {"runtime": 326}}