{"epoch": 15, "train_loss": 79.65899899264934, "val_loss": 105.4665840679725, "_timestamp": 1729039953.1712036, "_runtime": 286.118266582489, "_step": 14, "_wandb": {"runtime": 302}}