{"epoch": 28, "train_loss": 90.92165192585567, "val_loss": 98.26326494335166, "_timestamp": 1729042864.6328566, "_runtime": 436.3284397125244, "_step": 27, "_wandb": {"runtime": 450}}