{"epoch": 609, "train_loss": 14.948966026306152, "_timestamp": 1729013246.968256, "_runtime": 13.090748071670532, "_step": 608, "_wandb": {"runtime": 12}}