{"epoch": 1, "train_loss": 113.6610107421875, "_timestamp": 1729012895.190688, "_runtime": 12.778616905212402, "_step": 0, "_wandb": {"runtime": 11}}