{"epoch": 2803, "train_loss": 9.966119978344068e-05, "_timestamp": 1729030965.9059865, "_runtime": 20.24261450767517, "_step": 2802, "_wandb": {"runtime": 18}}