{"epoch": 26, "train_loss": 94.73763300372835, "val_loss": 98.24331167108828, "_timestamp": 1729041515.5166266, "_runtime": 477.1382176876068, "_step": 25, "_wandb": {"runtime": 484}}